position,type,mutation,drug_class
10,minor,I10F/I/R/V,PI
11,minor,V11I,PI
13,minor,I13V,PI
14,minor,L14R,PI
16,minor,K16R,PI
20,minor,K20I/M/R/T,PI
23,minor,L23I,PI
24,major,L24I,PI
30,major,D30N,PI
32,major,V32I,PI
33,minor,L33F/I/V,PI
34,minor,E34Q,PI
35,minor,E35D/G,PI
36,minor,M36I/L/V,PI
43,minor,I47A/V,PI
45,minor,F53L/Y,PI
46,major,M46I/L,PI
47,major,I47A/V,PI
48,major,G48M/V,PI
50,major,I50L/V,PI
53,minor,F53L,PI
54,major,I54A/L/M/S/T/V,PI
58,minor,Q58E,PI
60,minor,D60E,PI
62,minor,I62V,PI
63,minor,L63P,PI
64,minor,I64L/M/V,PI
71,minor,A71I/L/T/V,PI
73,minor,G73A/C/S/T,PI
76,major,V76A,PI
77,minor,V77I,PI
82,major,V82A/F/L/S/T,PI
83,minor,N83D,PI
84,major,I84A/C/V,PI
85,minor,I85V,PI
88,major,N88D/S,PI
89,minor,L89M,PI
90,major,L90M,PI
93,minor,I93L/M,PI
